mode,accuracy,F1-score,precision,recall
TRAIN,0.9658853076601088,0.9673412141855339,0.969867416633186,0.964828137490008
VALID,0.9427652733118971,0.94536525475752,0.9541511771995044,0.9367396593673966
TEST,0.9299065420560748,0.9318801089918257,0.9482439926062847,0.9160714285714285
