mode,accuracy,F1-score,precision,recall
TRAIN,0.9654667224780242,0.9669933986797359,0.9679615538646376,0.966027178257394
VALID,0.9414790996784566,0.9444783404514948,0.9473684210526315,0.9416058394160584
TEST,0.930373831775701,0.9332138054683999,0.936993699369937,0.9294642857142857
