mode,accuracy,F1-score,precision,recall
TRAIN,0.9671410632063625,0.9686564184467958,0.9676904666932589,0.9696243005595524
VALID,0.9440514469453376,0.9467238211879976,0.9531442663378545,0.940389294403893
TEST,0.9355140186915888,0.9379496402877698,0.9447463768115942,0.93125
