mode,accuracy,F1-score,precision,recall
TRAIN,0.9663038928421934,0.9679091090293004,0.9654075546719681,0.9704236610711431
VALID,0.9446945337620579,0.947560975609756,0.9498777506112469,0.9452554744525548
TEST,0.9350467289719626,0.9376401973979362,0.9422903516681695,0.9330357142857143
