mode,accuracy,F1-score,precision,recall
TRAIN,0.969861866889912,0.971049457177322,0.9769417475728155,0.9652278177458034
VALID,0.9363344051446946,0.9383945239576851,0.9605095541401274,0.9172749391727494
TEST,0.9373831775700935,0.9390354868061874,0.9573283858998145,0.9214285714285714
